DATE,CSUSHPISA,Year,Month,Per_Capita_GDP,Working_Population,Houses,CPI,UNRATE,Cons_Materials,FEDFUNDS,Num_Households,Income,Subsidy,old_percent
2002-01-01,117.143,2002,1,50091.0,182669300.0,4.2,177.7,5.7,142.0,1.73,109297.0,65820,24.183,12.2874577893554
2002-02-01,117.844,2002,2,50156.0,182823900.0,4.0,178.0,5.7,142.2,1.74,109297.0,65820,24.183,12.2874577893554
2002-03-01,118.687,2002,3,50221.0,183081600.0,4.1,178.5,5.7,143.2,1.73,109297.0,65820,24.183,12.2874577893554
2002-04-01,119.61,2002,4,50286.0,183315500.0,4.3,179.3,5.9,143.5,1.75,109297.0,65820,24.183,12.2874577893554
2002-05-01,120.724,2002,5,50311.333333333336,183462600.0,4.0,179.5,5.8,143.8,1.75,109297.0,65820,24.183,12.2874577893554
2002-06-01,121.813,2002,6,50336.666666666664,183672200.0,4.2,179.6,5.8,144.3,1.75,109297.0,65820,24.183,12.2874577893554
2002-07-01,122.888,2002,7,50362.0,183870800.0,4.2,180.0,5.8,144.7,1.73,109297.0,65820,24.183,12.2874577893554
2002-08-01,123.831,2002,8,50342.0,184126700.0,4.0,180.5,5.7,145.1,1.74,109297.0,65820,24.183,12.2874577893554
2002-09-01,124.78,2002,9,50322.0,184246500.0,3.9,180.8,5.7,145.4,1.75,109297.0,65820,24.183,12.2874577893554
2002-10-01,125.734,2002,10,50302.0,184457500.0,4.0,181.2,5.7,145.0,1.75,109297.0,65820,24.183,12.2874577893554
2002-11-01,126.669,2002,11,50355.333333333336,184790100.0,4.0,181.5,5.9,144.6,1.34,109297.0,65820,24.183,12.2874577893554
2002-12-01,127.624,2002,12,50408.666666666664,184909000.0,4.0,181.8,6.0,144.3,1.24,109297.0,65820,24.183,12.2874577893554
2003-01-01,128.461,2003,1,50462.0,185657900.0,4.0,182.6,5.8,144.4,1.24,111278.0,65860,25.93,12.2779342993686
2003-02-01,129.356,2003,2,50573.333333333336,185828700.0,4.5,183.6,5.9,145.2,1.26,111278.0,65860,25.93,12.2779342993686
2003-03-01,130.148,2003,3,50684.666666666664,186121600.0,4.1,183.9,5.9,145.2,1.25,111278.0,65860,25.93,12.2779342993686
2003-04-01,130.884,2003,4,50796.0,186476800.0,4.1,183.2,6.0,145.9,1.26,111278.0,65860,25.93,12.2779342993686
2003-05-01,131.734,2003,5,51034.666666666664,186699000.0,3.9,182.9,6.1,145.8,1.26,111278.0,65860,25.93,12.2779342993686
2003-06-01,132.649,2003,6,51273.333333333336,186893000.0,3.5,183.1,6.3,146.1,1.22,111278.0,65860,25.93,12.2779342993686
2003-07-01,133.77700000000002,2003,7,51512.0,187168900.0,3.6,183.7,6.2,147.0,1.01,111278.0,65860,25.93,12.2779342993686
2003-08-01,134.969,2003,8,51670.0,187380300.0,3.5,184.5,6.1,147.2,1.03,111278.0,65860,25.93,12.2779342993686
2003-09-01,136.29399999999998,2003,9,51828.0,187558100.0,3.8,185.1,6.1,149.0,1.01,111278.0,65860,25.93,12.2779342993686
2003-10-01,137.532,2003,10,51986.0,187716600.0,3.8,184.9,6.0,149.6,1.01,111278.0,65860,25.93,12.2779342993686
2003-11-01,138.79399999999998,2003,11,52050.333333333336,187913400.0,4.1,185.0,5.8,150.2,1.0,111278.0,65860,25.93,12.2779342993686
2003-12-01,140.18,2003,12,52114.666666666664,188027800.0,4.0,185.5,5.7,149.7,0.98,111278.0,65860,25.93,12.2779342993686
2004-01-01,141.64600000000002,2004,1,52179.0,187568500.0,3.8,186.3,5.7,150.0,1.0,112000.0,65760,27.201,12.3047192322804
2004-02-01,143.191,2004,2,52275.666666666664,187831800.0,3.7,186.7,5.6,153.4,1.01,112000.0,65760,27.201,12.3047192322804
2004-03-01,145.058,2004,3,52372.333333333336,188106500.0,3.6,187.1,5.8,156.5,1.0,112000.0,65760,27.201,12.3047192322804
2004-04-01,146.592,2004,4,52469.0,188337000.0,4.0,187.4,5.6,160.1,1.0,112000.0,65760,27.201,12.3047192322804
2004-05-01,148.185,2004,5,52591.0,188540100.0,3.8,188.2,5.6,162.7,1.0,112000.0,65760,27.201,12.3047192322804
2004-06-01,149.85,2004,6,52713.0,188691100.0,3.9,188.9,5.6,162.0,1.03,112000.0,65760,27.201,12.3047192322804
2004-07-01,151.33700000000002,2004,7,52835.0,188782800.0,4.5,189.1,5.5,162.2,1.26,112000.0,65760,27.201,12.3047192322804
2004-08-01,152.63299999999998,2004,8,52970.666666666664,189028800.0,4.3,189.2,5.4,165.9,1.43,112000.0,65760,27.201,12.3047192322804
2004-09-01,154.17700000000002,2004,9,53106.333333333336,189280700.0,4.1,189.8,5.4,167.2,1.61,112000.0,65760,27.201,12.3047192322804
2004-10-01,155.75,2004,10,53242.0,189472000.0,3.9,190.8,5.5,165.9,1.76,112000.0,65760,27.201,12.3047192322804
2004-11-01,157.526,2004,11,53401.0,189647000.0,4.3,191.7,5.4,165.5,1.93,112000.0,65760,27.201,12.3047192322804
2004-12-01,159.329,2004,12,53560.0,189848300.0,4.1,191.7,5.4,166.3,2.16,112000.0,65760,27.201,12.3047192322804
2005-01-01,161.287,2005,1,53719.0,190032200.0,4.4,191.6,5.3,168.6,2.28,113343.0,66780,27.651,12.3601628768533
2005-02-01,163.343,2005,2,53768.666666666664,190205800.0,4.3,192.4,5.4,170.4,2.5,113343.0,66780,27.651,12.3601628768533
2005-03-01,165.812,2005,3,53818.333333333336,190429000.0,4.1,193.1,5.2,170.0,2.63,113343.0,66780,27.651,12.3601628768533
2005-04-01,167.50099999999998,2005,4,53868.0,190492000.0,4.3,193.7,5.2,170.0,2.79,113343.0,66780,27.651,12.3601628768533
2005-05-01,169.35,2005,5,53963.0,190682700.0,4.2,193.6,5.1,168.1,3.0,113343.0,66780,27.651,12.3601628768533
2005-06-01,171.19,2005,6,54058.0,190898800.0,4.3,193.7,5.0,167.8,3.04,113343.0,66780,27.651,12.3601628768533
2005-07-01,172.859,2005,7,54153.0,191054900.0,4.2,194.9,5.0,167.2,3.26,113343.0,66780,27.651,12.3601628768533
2005-08-01,174.44299999999998,2005,8,54207.666666666664,191192800.0,4.5,196.1,4.9,165.9,3.5,113343.0,66780,27.651,12.3601628768533
2005-09-01,176.437,2005,9,54262.333333333336,191474900.0,4.7,198.8,5.0,168.9,3.62,113343.0,66780,27.651,12.3601628768533
2005-10-01,178.02599999999998,2005,10,54317.0,191700900.0,4.5,199.1,5.0,171.6,3.78,113343.0,66780,27.651,12.3601628768533
2005-11-01,179.68,2005,11,54520.333333333336,191993300.0,5.0,198.1,5.0,172.7,4.0,113343.0,66780,27.651,12.3601628768533
2005-12-01,180.909,2005,12,54723.666666666664,192186100.0,4.9,198.1,4.9,173.5,4.16,113343.0,66780,27.651,12.3601628768533
2006-01-01,182.32,2006,1,54927.0,192324600.0,5.3,199.3,4.7,177.2,4.29,114384.0,67520,28.604,12.422071948027
2006-02-01,183.287,2006,2,54933.0,192511200.0,6.1,199.4,4.8,177.7,4.49,114384.0,67520,28.604,12.422071948027
2006-03-01,184.364,2006,3,54939.0,192616400.0,5.9,199.7,4.7,178.3,4.59,114384.0,67520,28.604,12.422071948027
2006-04-01,184.328,2006,4,54945.0,192790800.0,6.3,200.7,4.7,179.0,4.79,114384.0,67520,28.604,12.422071948027
2006-05-01,184.155,2006,5,54925.333333333336,192946500.0,6.2,201.3,4.6,179.9,4.94,114384.0,67520,28.604,12.422071948027
2006-06-01,183.506,2006,6,54905.666666666664,193183900.0,6.3,201.8,4.6,180.7,4.99,114384.0,67520,28.604,12.422071948027
2006-07-01,183.066,2006,7,54886.0,193412500.0,7.3,202.9,4.7,182.3,5.24,114384.0,67520,28.604,12.422071948027
2006-08-01,182.595,2006,8,54996.0,193525200.0,6.7,203.8,4.7,182.6,5.25,114384.0,67520,28.604,12.422071948027
2006-09-01,182.798,2006,9,55106.0,193585700.0,6.7,202.8,4.5,183.3,5.25,114384.0,67520,28.604,12.422071948027
2006-10-01,183.197,2006,10,55216.0,193711000.0,7.3,201.9,4.4,182.3,5.25,114384.0,67520,28.604,12.422071948027
2006-11-01,183.608,2006,11,55230.666666666664,193924100.0,6.6,202.0,4.5,179.8,5.25,114384.0,67520,28.604,12.422071948027
2006-12-01,184.138,2006,12,55245.333333333336,194094700.0,6.5,203.1,4.4,179.8,5.24,114384.0,67520,28.604,12.422071948027
2007-01-01,184.515,2007,1,55260.0,194823000.0,7.2,203.437,4.6,181.1,5.25,116011.0,68610,29.512,12.507803700301
2007-02-01,184.597,2007,2,55331.333333333336,195053600.0,7.9,204.226,4.5,181.5,5.26,116011.0,68610,29.512,12.507803700301
2007-03-01,184.149,2007,3,55402.666666666664,195154300.0,7.9,205.288,4.4,182.5,5.26,116011.0,68610,29.512,12.507803700301
2007-04-01,183.009,2007,4,55474.0,195253300.0,7.4,205.904,4.5,183.7,5.25,116011.0,68610,29.512,12.507803700301
2007-05-01,181.6,2007,5,55532.333333333336,195415500.0,7.8,206.755,4.4,184.0,5.25,116011.0,68610,29.512,12.507803700301
2007-06-01,180.253,2007,6,55590.666666666664,195665200.0,8.2,207.234,4.6,184.0,5.25,116011.0,68610,29.512,12.507803700301
2007-07-01,179.109,2007,7,55649.0,195835800.0,8.3,207.603,4.7,184.2,5.26,116011.0,68610,29.512,12.507803700301
2007-08-01,178.116,2007,8,55718.333333333336,195970200.0,9.2,207.667,4.6,183.9,5.02,116011.0,68610,29.512,12.507803700301
2007-09-01,177.55599999999998,2007,9,55787.666666666664,196066400.0,9.2,208.547,4.7,183.4,4.94,116011.0,68610,29.512,12.507803700301
2007-10-01,176.623,2007,10,55857.0,196111500.0,8.5,209.19,4.7,183.0,4.76,116011.0,68610,29.512,12.507803700301
2007-11-01,175.146,2007,11,55737.0,196172500.0,9.4,210.834,4.7,183.3,4.49,116011.0,68610,29.512,12.507803700301
2007-12-01,174.34099999999998,2007,12,55617.0,196412200.0,9.6,211.445,5.0,183.5,4.24,116011.0,68610,29.512,12.507803700301
2008-01-01,173.13099999999997,2008,1,55497.0,196060500.0,9.3,212.174,5.0,184.3,3.94,116783.0,66280,29.876,12.6708585039901
2008-02-01,171.53900000000002,2008,2,55566.333333333336,196236900.0,9.7,212.687,4.9,185.7,2.98,116783.0,66280,29.876,12.6708585039901
2008-03-01,170.051,2008,3,55635.666666666664,196376300.0,10.5,213.448,5.1,187.8,2.61,116783.0,66280,29.876,12.6708585039901
2008-04-01,168.33599999999998,2008,4,55705.0,196223300.0,10.3,213.942,5.0,190.9,2.28,116783.0,66280,29.876,12.6708585039901
2008-05-01,166.657,2008,5,55562.666666666664,196451400.0,10.7,215.208,5.4,195.8,1.98,116783.0,66280,29.876,12.6708585039901
2008-06-01,165.016,2008,6,55420.333333333336,196516300.0,10.7,217.463,5.6,200.4,2.0,116783.0,66280,29.876,12.6708585039901
2008-07-01,163.564,2008,7,55278.0,196571900.0,10.5,219.016,5.8,203.4,2.01,116783.0,66280,29.876,12.6708585039901
2008-08-01,161.987,2008,8,54832.333333333336,196691100.0,11.3,218.69,6.1,206.5,2.0,116783.0,66280,29.876,12.6708585039901
2008-09-01,160.306,2008,9,54386.666666666664,196839800.0,10.9,218.877,6.1,206.3,1.81,116783.0,66280,29.876,12.6708585039901
2008-10-01,158.326,2008,10,53941.0,196974900.0,11.6,216.995,6.5,201.8,0.97,116783.0,66280,29.876,12.6708585039901
2008-11-01,156.141,2008,11,53701.0,197132700.0,11.4,213.153,6.8,199.6,0.39,116783.0,66280,29.876,12.6708585039901
2008-12-01,153.618,2008,12,53461.0,197420200.0,11.2,211.398,7.3,194.8,0.16,116783.0,66280,29.876,12.6708585039901
2009-01-01,151.507,2009,1,53221.0,197060700.0,12.2,211.933,7.8,193.3,0.15,117181.0,65850,32.883,12.8562585688817
2009-02-01,150.015,2009,2,53153.0,197286900.0,10.5,212.705,8.3,191.2,0.22,117181.0,65850,32.883,12.8562585688817
2009-03-01,148.66,2009,3,53085.0,197529900.0,11.0,212.495,8.7,190.2,0.18,117181.0,65850,32.883,12.8562585688817
2009-04-01,147.947,2009,4,53017.0,197854900.0,10.7,212.709,9.0,188.1,0.15,117181.0,65850,32.883,12.8562585688817
2009-05-01,147.692,2009,5,53038.333333333336,197951800.0,9.3,213.022,9.4,186.9,0.18,117181.0,65850,32.883,12.8562585688817
2009-06-01,148.088,2009,6,53059.666666666664,197608700.0,8.5,214.79,9.5,187.1,0.21,117181.0,65850,32.883,12.8562585688817
2009-07-01,148.407,2009,7,53081.0,197705800.0,7.9,214.726,9.5,187.6,0.16,117181.0,65850,32.883,12.8562585688817
2009-08-01,148.27700000000002,2009,8,53231.0,198050300.0,7.5,215.445,9.6,188.1,0.16,117181.0,65850,32.883,12.8562585688817
2009-09-01,148.024,2009,9,53381.0,198372700.0,7.8,215.861,9.8,189.3,0.15,117181.0,65850,32.883,12.8562585688817
2009-10-01,147.85,2009,10,53531.0,198663200.0,7.4,216.509,10.0,189.7,0.12,117181.0,65850,32.883,12.8562585688817
2009-11-01,148.135,2009,11,53581.666666666664,198711500.0,7.6,217.234,9.9,189.2,0.12,117181.0,65850,32.883,12.8562585688817
2009-12-01,147.928,2009,12,53632.333333333336,198768600.0,8.0,217.347,9.9,189.4,0.12,117181.0,65850,32.883,12.8562585688817
2010-01-01,147.39600000000002,2010,1,53683.0,198247600.0,8.1,217.488,9.8,190.3,0.11,117538.0,64300,32.669,13.0281784974361
2010-02-01,145.631,2010,2,53822.0,198432500.0,8.3,217.281,9.8,192.2,0.13,117538.0,64300,32.669,13.0281784974361
2010-03-01,145.858,2010,3,53961.0,198653600.0,7.1,217.353,9.9,193.7,0.16,117538.0,64300,32.669,13.0281784974361
2010-04-01,146.403,2010,4,54100.0,198995600.0,6.2,217.403,9.9,196.5,0.2,117538.0,64300,32.669,13.0281784974361
2010-05-01,146.394,2010,5,54200.333333333336,199087000.0,9.3,217.29,9.6,198.9,0.2,117538.0,64300,32.669,13.0281784974361
2010-06-01,145.72,2010,6,54300.666666666664,198935200.0,8.3,217.199,9.4,197.2,0.18,117538.0,64300,32.669,13.0281784974361
2010-07-01,144.989,2010,7,54401.0,199015000.0,8.9,217.605,9.4,195.6,0.18,117538.0,64300,32.669,13.0281784974361
2010-08-01,143.914,2010,8,54457.0,199221100.0,8.8,217.923,9.5,194.1,0.19,117538.0,64300,32.669,13.0281784974361
2010-09-01,143.017,2010,9,54513.0,199525500.0,7.6,218.275,9.5,193.9,0.19,117538.0,64300,32.669,13.0281784974361
2010-10-01,142.528,2010,10,54569.0,199859900.0,8.2,219.035,9.4,193.8,0.19,117538.0,64300,32.669,13.0281784974361
2010-11-01,142.16899999999998,2010,11,54493.0,199983700.0,8.2,219.59,9.8,193.6,0.19,117538.0,64300,32.669,13.0281784974361
2010-12-01,142.056,2010,12,54417.0,200022800.0,7.0,220.472,9.3,194.2,0.18,117538.0,64300,32.669,13.0281784974361
2011-01-01,141.518,2011,1,54341.0,199137100.0,7.3,221.187,9.1,195.9,0.17,119927.0,63350,34.23,13.2702031218742
2011-02-01,140.345,2011,2,54430.666666666664,199346000.0,8.1,221.898,9.0,198.1,0.16,119927.0,63350,34.23,13.2702031218742
2011-03-01,139.977,2011,3,54520.333333333336,199551500.0,7.2,223.046,9.0,199.7,0.14,119927.0,63350,34.23,13.2702031218742
2011-04-01,140.00799999999998,2011,4,54610.0,199937200.0,6.7,224.093,9.1,201.1,0.1,119927.0,63350,34.23,13.2702031218742
2011-05-01,139.904,2011,5,54567.333333333336,200041600.0,6.6,224.806,9.0,201.6,0.09,119927.0,63350,34.23,13.2702031218742
2011-06-01,139.861,2011,6,54524.666666666664,199992600.0,6.6,224.806,9.1,201.9,0.09,119927.0,63350,34.23,13.2702031218742
2011-07-01,139.73,2011,7,54482.0,200109400.0,6.7,225.395,9.0,202.6,0.07,119927.0,63350,34.23,13.2702031218742
2011-08-01,139.308,2011,8,54647.666666666664,200136500.0,6.5,226.106,9.0,202.8,0.1,119927.0,63350,34.23,13.2702031218742
2011-09-01,138.667,2011,9,54813.333333333336,200256000.0,6.3,226.597,9.0,202.7,0.08,119927.0,63350,34.23,13.2702031218742
2011-10-01,137.951,2011,10,54979.0,200422000.0,6.0,226.75,8.8,202.7,0.07,119927.0,63350,34.23,13.2702031218742
2011-11-01,137.15,2011,11,55100.0,200325600.0,5.7,227.169,8.6,202.2,0.08,119927.0,63350,34.23,13.2702031218742
2011-12-01,136.673,2011,12,55221.0,200311100.0,5.3,227.223,8.5,202.2,0.07,119927.0,63350,34.23,13.2702031218742
2012-01-01,136.606,2012,1,55342.0,200970700.0,5.3,227.842,8.3,203.9,0.08,121084.0,63350,33.283,13.5844369333927
2012-02-01,136.531,2012,2,55391.333333333336,201100100.0,4.8,228.329,8.3,205.1,0.1,121084.0,63350,33.283,13.5844369333927
2012-03-01,137.90200000000002,2012,3,55440.666666666664,201252700.0,4.9,228.807,8.2,205.7,0.13,121084.0,63350,33.283,13.5844369333927
2012-04-01,139.15200000000002,2012,4,55490.0,201499400.0,4.9,229.187,8.2,206.3,0.14,121084.0,63350,33.283,13.5844369333927
2012-05-01,140.154,2012,5,55478.0,201524900.0,4.7,228.713,8.2,206.5,0.16,121084.0,63350,33.283,13.5844369333927
2012-06-01,141.03,2012,6,55466.0,201458900.0,4.8,228.524,8.2,206.6,0.16,121084.0,63350,33.283,13.5844369333927
2012-07-01,141.67,2012,7,55454.0,201491500.0,4.6,228.59,8.2,206.2,0.16,121084.0,63350,33.283,13.5844369333927
2012-08-01,142.28,2012,8,55437.0,201587800.0,4.6,229.918,8.1,205.5,0.13,121084.0,63350,33.283,13.5844369333927
2012-09-01,142.907,2012,9,55420.0,201605400.0,4.5,231.015,7.8,206.6,0.14,121084.0,63350,33.283,13.5844369333927
2012-10-01,143.59799999999998,2012,10,55403.0,201662300.0,4.9,231.638,7.8,205.5,0.16,121084.0,63350,33.283,13.5844369333927
2012-11-01,144.582,2012,11,55555.0,201708600.0,4.6,231.249,7.7,205.6,0.16,121084.0,63350,33.283,13.5844369333927
2012-12-01,145.499,2012,12,55707.0,201843200.0,4.5,231.221,7.9,206.4,0.16,121084.0,63350,33.283,13.5844369333927
2013-01-01,146.82399999999998,2013,1,55859.0,201721300.0,4.0,231.679,8.0,208.4,0.14,122459.0,65740,33.213,13.8910756761845
2013-02-01,147.781,2013,2,55877.333333333336,201883900.0,4.1,232.937,7.7,209.1,0.15,122459.0,65740,33.213,13.8910756761845
2013-03-01,149.961,2013,3,55895.666666666664,202024100.0,4.2,232.282,7.5,209.8,0.14,122459.0,65740,33.213,13.8910756761845
2013-04-01,151.518,2013,4,55914.0,202167700.0,4.4,231.797,7.6,210.7,0.15,122459.0,65740,33.213,13.8910756761845
2013-05-01,152.85,2013,5,56033.333333333336,202291000.0,4.6,231.893,7.5,209.5,0.11,122459.0,65740,33.213,13.8910756761845
2013-06-01,154.202,2013,6,56152.666666666664,202288100.0,4.1,232.445,7.5,208.8,0.09,122459.0,65740,33.213,13.8910756761845
2013-07-01,155.607,2013,7,56272.0,202321200.0,5.5,232.9,7.3,208.3,0.09,122459.0,65740,33.213,13.8910756761845
2013-08-01,156.963,2013,8,56395.333333333336,202486100.0,5.5,233.456,7.2,208.9,0.08,122459.0,65740,33.213,13.8910756761845
2013-09-01,158.225,2013,9,56518.666666666664,202630100.0,5.4,233.544,7.2,208.9,0.08,122459.0,65740,33.213,13.8910756761845
2013-10-01,159.24,2013,10,56642.0,202702100.0,4.9,233.669,7.2,209.3,0.09,122459.0,65740,33.213,13.8910756761845
2013-11-01,160.07299999999998,2013,11,56543.0,202720100.0,5.0,234.1,6.9,209.8,0.08,122459.0,65740,33.213,13.8910756761845
2013-12-01,160.993,2013,12,56444.0,202732300.0,5.2,234.719,6.7,209.8,0.09,122459.0,65740,33.213,13.8910756761845
2014-01-01,161.924,2014,1,56345.0,202550700.0,5.1,235.288,6.6,211.7,0.07,123229.0,64900,33.806,14.1355633751345
2014-02-01,162.523,2014,2,56552.666666666664,202677800.0,5.3,235.547,6.7,212.7,0.07,123229.0,64900,33.806,14.1355633751345
2014-03-01,163.084,2014,3,56760.333333333336,202701500.0,5.6,236.028,6.7,213.4,0.08,123229.0,64900,33.806,14.1355633751345
2014-04-01,163.39,2014,4,56968.0,202797800.0,5.7,236.468,6.2,213.6,0.09,123229.0,64900,33.806,14.1355633751345
2014-05-01,163.656,2014,5,57157.333333333336,202936300.0,5.2,236.918,6.3,214.3,0.09,123229.0,64900,33.806,14.1355633751345
2014-06-01,164.067,2014,6,57346.666666666664,203051400.0,5.7,237.231,6.1,214.5,0.1,123229.0,64900,33.806,14.1355633751345
2014-07-01,164.58700000000002,2014,7,57536.0,203042900.0,6.2,237.498,6.2,214.8,0.09,123229.0,64900,33.806,14.1355633751345
2014-08-01,165.21200000000002,2014,8,57591.333333333336,203164300.0,5.4,237.46,6.1,215.5,0.09,123229.0,64900,33.806,14.1355633751345
2014-09-01,165.903,2014,9,57646.666666666664,203211900.0,5.4,237.477,5.9,215.7,0.09,123229.0,64900,33.806,14.1355633751345
2014-10-01,166.639,2014,10,57702.0,203259900.0,5.3,237.43,5.7,215.9,0.09,123229.0,64900,33.806,14.1355633751345
2014-11-01,167.332,2014,11,57841.666666666664,203378000.0,5.7,236.983,5.8,215.8,0.09,123229.0,64900,33.806,14.1355633751345
2014-12-01,168.047,2014,12,57981.333333333336,203419500.0,5.1,236.252,5.6,215.5,0.12,123229.0,64900,33.806,14.1355633751345
2015-01-01,168.627,2015,1,58121.0,203859000.0,4.8,234.747,5.7,215.8,0.11,124587.0,68410,34.859,14.3277540980291
2015-02-01,169.12400000000002,2015,2,58206.0,203941000.0,4.5,235.342,5.5,215.3,0.11,124587.0,68410,34.859,14.3277540980291
2015-03-01,169.795,2015,3,58291.0,203969900.0,5.1,235.976,5.4,215.0,0.11,124587.0,68410,34.859,14.3277540980291
2015-04-01,170.293,2015,4,58376.0,203983300.0,4.9,236.222,5.4,214.5,0.12,124587.0,68410,34.859,14.3277540980291
2015-05-01,170.87599999999998,2015,5,58412.666666666664,204205800.0,5.0,237.001,5.6,213.7,0.12,124587.0,68410,34.859,14.3277540980291
2015-06-01,171.477,2015,6,58449.333333333336,204424200.0,5.4,237.657,5.3,213.7,0.13,124587.0,68410,34.859,14.3277540980291
2015-07-01,172.148,2015,7,58486.0,204519300.0,5.2,238.034,5.2,213.7,0.13,124587.0,68410,34.859,14.3277540980291
2015-08-01,172.93099999999998,2015,8,58480.666666666664,204559900.0,5.0,238.033,5.1,213.3,0.14,124587.0,68410,34.859,14.3277540980291
2015-09-01,173.824,2015,9,58475.333333333336,204605300.0,5.9,237.498,5.0,212.5,0.14,124587.0,68410,34.859,14.3277540980291
2015-10-01,174.78900000000002,2015,10,58470.0,204681400.0,5.6,237.733,5.0,212.4,0.12,124587.0,68410,34.859,14.3277540980291
2015-11-01,175.735,2015,11,58548.0,204728700.0,5.5,238.017,5.1,211.7,0.12,124587.0,68410,34.859,14.3277540980291
2015-12-01,176.537,2015,12,58626.0,204755400.0,5.1,237.761,5.0,210.9,0.24,124587.0,68410,34.859,14.3277540980291
2016-01-01,177.262,2016,1,58704.0,205071200.0,5.6,237.652,4.8,211.4,0.34,125819.0,70840,37.55,14.672311496844
2016-02-01,177.641,2016,2,58731.666666666664,205098500.0,5.5,237.336,4.9,211.3,0.38,125819.0,70840,37.55,14.672311496844
2016-03-01,178.15599999999998,2016,3,58759.333333333336,205198100.0,5.5,238.08,5.0,211.6,0.36,125819.0,70840,37.55,14.672311496844
2016-04-01,178.759,2016,4,58787.0,205245900.0,5.0,238.992,5.1,212.7,0.37,125819.0,70840,37.55,14.672311496844
2016-05-01,179.42,2016,5,58886.0,205412400.0,5.1,239.557,4.8,213.7,0.37,125819.0,70840,37.55,14.672311496844
2016-06-01,180.09,2016,6,58985.0,205562900.0,5.3,240.222,4.9,214.6,0.38,125819.0,70840,37.55,14.672311496844
2016-07-01,180.85,2016,7,59084.0,205702700.0,4.5,240.101,4.8,215.3,0.39,125819.0,70840,37.55,14.672311496844
2016-08-01,181.84,2016,8,59154.666666666664,205680800.0,5.0,240.545,4.9,216.0,0.4,125819.0,70840,37.55,14.672311496844
2016-09-01,182.813,2016,9,59225.333333333336,205736900.0,5.2,241.176,5.0,215.3,0.4,125819.0,70840,37.55,14.672311496844
2016-10-01,183.743,2016,10,59296.0,205848400.0,5.2,241.741,4.9,214.8,0.4,125819.0,70840,37.55,14.672311496844
2016-11-01,184.753,2016,11,59362.0,205828700.0,5.2,242.026,4.7,214.5,0.41,125819.0,70840,37.55,14.672311496844
2016-12-01,185.716,2016,12,59428.0,205936600.0,5.4,242.637,4.7,215.5,0.54,125819.0,70840,37.55,14.672311496844
2017-01-01,186.796,2017,1,59494.0,205378300.0,5.4,243.618,4.7,217.3,0.65,126224.0,72090,35.771,15.0662903997382
2017-02-01,187.314,2017,2,59574.666666666664,205421300.0,5.3,244.006,4.6,218.8,0.66,126224.0,72090,35.771,15.0662903997382
2017-03-01,187.991,2017,3,59655.333333333336,205317300.0,5.0,243.892,4.4,219.7,0.79,126224.0,72090,35.771,15.0662903997382
2017-04-01,188.721,2017,4,59736.0,205349800.0,5.4,244.193,4.4,221.0,0.9,126224.0,72090,35.771,15.0662903997382
2017-05-01,189.61,2017,5,59857.0,205468500.0,5.1,244.004,4.4,221.7,0.91,126224.0,72090,35.771,15.0662903997382
2017-06-01,190.519,2017,6,59978.0,205654400.0,5.3,244.163,4.3,221.9,1.04,126224.0,72090,35.771,15.0662903997382
2017-07-01,191.465,2017,7,60099.0,205756700.0,5.8,244.243,4.3,221.9,1.15,126224.0,72090,35.771,15.0662903997382
2017-08-01,192.649,2017,8,60290.666666666664,205750300.0,6.1,245.183,4.4,222.4,1.16,126224.0,72090,35.771,15.0662903997382
2017-09-01,193.745,2017,9,60482.333333333336,205685800.0,5.3,246.435,4.3,223.1,1.15,126224.0,72090,35.771,15.0662903997382
2017-10-01,194.792,2017,10,60674.0,205730800.0,5.5,246.626,4.2,223.9,1.15,126224.0,72090,35.771,15.0662903997382
2017-11-01,195.945,2017,11,60813.666666666664,205752300.0,4.8,247.284,4.2,223.9,1.16,126224.0,72090,35.771,15.0662903997382
2017-12-01,197.164,2017,12,60953.333333333336,205856300.0,5.6,247.805,4.1,224.1,1.3,126224.0,72090,35.771,15.0662903997382
2018-01-01,198.301,2018,1,61093.0,206363400.0,6.0,248.859,4.0,225.8,1.41,127586.0,73030,38.859,15.3976975750778
2018-02-01,199.228,2018,2,61174.0,206271700.0,5.7,249.529,4.1,228.7,1.42,127586.0,73030,38.859,15.3976975750778
2018-03-01,199.967,2018,3,61255.0,206223100.0,5.2,249.577,4.0,231.3,1.51,127586.0,73030,38.859,15.3976975750778
2018-04-01,200.662,2018,4,61336.0,206220000.0,5.6,250.227,4.0,232.4,1.69,127586.0,73030,38.859,15.3976975750778
2018-05-01,201.427,2018,5,61431.333333333336,206414600.0,5.5,250.792,3.8,236.8,1.7,127586.0,73030,38.859,15.3976975750778
2018-06-01,202.241,2018,6,61526.666666666664,206592300.0,5.8,251.018,4.0,239.2,1.82,127586.0,73030,38.859,15.3976975750778
2018-07-01,202.912,2018,7,61622.0,206643400.0,6.0,251.214,3.8,239.6,1.91,127586.0,73030,38.859,15.3976975750778
2018-08-01,203.661,2018,8,61621.0,206721600.0,6.5,251.663,3.8,239.4,1.91,127586.0,73030,38.859,15.3976975750778
2018-09-01,204.322,2018,9,61620.0,206674900.0,6.6,252.182,3.7,240.0,1.95,127586.0,73030,38.859,15.3976975750778
2018-10-01,205.08900000000003,2018,10,61619.0,206650800.0,7.2,252.772,3.8,238.7,2.19,127586.0,73030,38.859,15.3976975750778
2018-11-01,205.661,2018,11,61709.0,206612000.0,6.4,252.594,3.8,238.8,2.2,127586.0,73030,38.859,15.3976975750778
2018-12-01,206.148,2018,12,61799.0,206774200.0,7.6,252.767,3.9,238.3,2.27,127586.0,73030,38.859,15.3976975750778
2019-01-01,206.539,2019,1,61889.0,206324000.0,7.0,252.561,4.0,238.5,2.4,128579.0,78250,40.185,15.7918008297391
2019-02-01,206.864,2019,2,62036.333333333336,206303400.0,6.3,253.319,3.8,238.1,2.4,128579.0,78250,40.185,15.7918008297391
2019-03-01,207.086,2019,3,62183.666666666664,206117300.0,5.6,254.277,3.8,238.1,2.41,128579.0,78250,40.185,15.7918008297391
2019-04-01,207.537,2019,4,62331.0,206174400.0,5.7,255.233,3.7,237.2,2.42,128579.0,78250,40.185,15.7918008297391
2019-05-01,208.151,2019,5,62535.666666666664,206464300.0,6.5,255.296,3.6,237.3,2.39,128579.0,78250,40.185,15.7918008297391
2019-06-01,208.643,2019,6,62740.333333333336,206542600.0,5.4,255.213,3.6,236.3,2.38,128579.0,78250,40.185,15.7918008297391
2019-07-01,209.249,2019,7,62945.0,206385900.0,6.1,255.802,3.7,235.6,2.4,128579.0,78250,40.185,15.7918008297391
2019-08-01,210.029,2019,8,63049.0,206392800.0,5.5,256.036,3.6,234.4,2.13,128579.0,78250,40.185,15.7918008297391
2019-09-01,210.85,2019,9,63153.0,206311600.0,5.4,256.43,3.5,234.4,2.04,128579.0,78250,40.185,15.7918008297391
2019-10-01,211.751,2019,10,63257.0,206191800.0,5.3,257.155,3.6,233.8,1.83,128579.0,78250,40.185,15.7918008297391
2019-11-01,212.788,2019,11,62949.0,206205100.0,5.4,257.879,3.6,232.8,1.55,128579.0,78250,40.185,15.7918008297391
2019-12-01,213.944,2019,12,62641.0,206266700.0,5.5,258.63,3.6,232.2,1.55,128579.0,78250,40.185,15.7918008297391
2020-01-01,215.029,2020,1,62333.0,205741800.0,5.7,258.906,3.6,233.4,1.55,128451.0,76660,44.147,16.2234001500798
2020-02-01,215.893,2020,2,60683.0,205642700.0,5.6,259.246,3.5,234.6,1.58,128451.0,76660,44.147,16.2234001500798
2020-03-01,216.455,2020,3,59033.0,205285700.0,6.4,258.15,4.4,236.3,0.65,128451.0,76660,44.147,16.2234001500798
2020-04-01,216.856,2020,4,57383.0,206838200.0,6.7,256.126,14.8,234.3,0.05,128451.0,76660,44.147,16.2234001500798
2020-05-01,216.999,2020,5,58856.333333333336,206841900.0,5.3,255.848,13.2,233.3,0.05,128451.0,76660,44.147,16.2234001500798
2020-06-01,217.57,2020,6,60329.666666666664,205576600.0,4.0,257.004,11.0,234.8,0.08,128451.0,76660,44.147,16.2234001500798
2020-07-01,219.28,2020,7,61803.0,205379800.0,3.5,258.408,10.2,237.0,0.09,128451.0,76660,44.147,16.2234001500798
2020-08-01,222.265,2020,8,62005.666666666664,205709700.0,3.3,259.366,8.4,240.9,0.1,128451.0,76660,44.147,16.2234001500798
2020-09-01,225.742,2020,9,62208.333333333336,206097500.0,3.5,259.951,7.8,246.9,0.09,128451.0,76660,44.147,16.2234001500798
2020-10-01,229.685,2020,10,62411.0,205980900.0,3.3,260.249,6.8,246.4,0.09,128451.0,76660,44.147,16.2234001500798
2020-11-01,233.248,2020,11,62682.0,206188200.0,3.9,260.895,6.7,244.3,0.09,128451.0,76660,44.147,16.2234001500798
2020-12-01,236.555,2020,12,62953.0,206149400.0,4.1,262.005,6.7,248.0,0.09,128451.0,76660,44.147,16.2234001500798
2021-01-01,239.68,2021,1,63224.0,205142000.0,4.1,262.518,6.4,256.4,0.09,129224.0,76330,45.299,16.6788954868121
2021-02-01,242.419,2021,2,63533.666666666664,205139500.0,4.8,263.583,6.2,264.6,0.08,129224.0,76330,45.299,16.6788954868121
2021-03-01,245.545,2021,3,63843.333333333336,205101500.0,4.3,264.91,6.1,276.7,0.07,129224.0,76330,45.299,16.6788954868121
2021-04-01,249.123,2021,4,64153.0,205468000.0,4.6,266.752,6.1,291.8,0.07,129224.0,76330,45.299,16.6788954868121
2021-05-01,253.413,2021,5,64305.666666666664,205665700.0,5.5,268.452,5.8,305.9,0.06,129224.0,76330,45.299,16.6788954868121
2021-06-01,258.23,2021,6,64458.333333333336,205415500.0,6.0,270.664,5.9,315.7,0.08,129224.0,76330,45.299,16.6788954868121
2021-07-01,262.603,2021,7,64611.0,205317400.0,6.0,271.994,5.4,313.542,0.1,129224.0,76330,45.299,16.6788954868121
2021-08-01,266.593,2021,8,64956.666666666664,205311600.0,6.5,272.789,5.1,313.083,0.09,129224.0,76330,45.299,16.6788954868121
2021-09-01,270.197,2021,9,65302.333333333336,205475500.0,6.2,273.887,4.7,317.136,0.08,129224.0,76330,45.299,16.6788954868121
2021-10-01,273.603,2021,10,65648.0,205337300.0,6.7,276.434,4.5,322.12,0.08,129224.0,76330,45.299,16.6788954868121
2021-11-01,277.309,2021,11,65526.666666666664,205361800.0,5.9,278.799,4.1,328.94,0.08,129224.0,76330,45.299,16.6788954868121
2021-12-01,281.506,2021,12,65405.333333333336,205323500.0,5.6,280.808,3.9,335.032,0.08,129224.0,76330,45.299,16.6788954868121
2022-01-01,286.173,2022,1,65284.0,207063100.0,5.9,282.39,4.0,345.742,0.08,131202.0,74580,48.021,17.1281205454528
